record_id,record_revision,source_id,source_identifier_type,source_identifier,source_title,source_url,source_version_status,source_location,source_span_summary,material_name,framework_family,metal_node,linker,reported_sample_form,outcome_status,synthesis_or_gelation_route,precursor_recipe,solvent_system,modulator_or_additives,water_or_additive_condition,temperature_c,synthesis_time_h,washing_route,centrifugation_or_densification,drying_route,drying_temperature_c,drying_time_h,gelation_observed,monolith_observed,evidence_confidence,verifier,human_verification_status,verification_date,evidence_layer_eligibility,interface_mapping_status,model_input_eligibility,projection_blockers,negative_label_scope,imputation_used,notes,source_reported_modulator_concentration_m,source_reported_precursor_concentration_m,source_reported_pore_radius_nm,source_reported_surface_tension_mN_m,source_reported_contact_angle_deg,source_reported_framework_stability_z
P2V25-0001,1.1,SRC01,DOI,10.1038/s41467-019-10185-1,Tuning porosity in macroscopic monolithic metal-organic frameworks for exceptional natural gas storage,https://www.nature.com/articles/s41467-019-10185-1,peer_reviewed_published_open_access,"Publisher full text: Results - Synthesis of monolithic MOFs, Fig. 2d, lines/paragraph for UiO-66_A; Methods - Synthesis of UiO-66_A-D; Supplementary Table 1.",The defined 200 C ethanol-washed condition produced only sub-mm fragments and explicitly failed to create a large conformed monolith.,UiO-66_A,UiO,Zr6,BDC,sub-mm gel-derived fragments; not a large conformed monolith,explicit_non_monolithic_or_failed_outcome,UiO-66 gel followed by ethanol wash and high-temperature drying,BDC 1.20 g (7.25 mmol) + ZrOCl2.8H2O 1.61 g (5.0 mmol) in DMF 30 mL; HCl 1.5 mL and acetic acid 2.0 mL; 100 C for 2 h.,DMF synthesis; ethanol exchange,HCl and acetic acid,not_reported_in_source,100,2,ethanol wash,standard centrifugation; exact duration in Supplementary Table 1,oven drying,200,not_reported_in_source,True,False,high,Jinnan Wei (human verification); AI-assisted source-grounded pre-audit,human_verified,2026-07-29,eligible,condition_level_interface_mapping_ready,not_eligible_current_scoring_schema,"Current scorer requires complete numeric modulator_concentration_m, precursor_concentration_m, pore_radius_nm, surface_tension_mN_m, contact_angle_deg and framework_stability_z; the primary source does not report the full set.",condition_specific_negative_only,none,Do not generalize this outcome to UiO-66 under other conditions.,not_reported_in_source,not_reported_in_source,not_reported_in_source,not_reported_in_source,not_reported_in_source,not_reported_in_source
P2V25-0002,1.1,SRC01,DOI,10.1038/s41467-019-10185-1,Tuning porosity in macroscopic monolithic metal-organic frameworks for exceptional natural gas storage,https://www.nature.com/articles/s41467-019-10185-1,peer_reviewed_published_open_access,"Publisher full text: Results - Synthesis of monolithic MOFs, Fig. 2e; Methods - Synthesis of UiO-66_A-D; Supplementary Table 1.",Lowering drying temperature to 30 C after ethanol washing produced centimetre-sized opaque monoliths.,UiO-66_B,UiO,Zr6,BDC,centimetre-sized opaque monolith,confirmed_monolith,UiO-66 gel followed by ethanol wash and mild drying,BDC 1.20 g (7.25 mmol) + ZrOCl2.8H2O 1.61 g (5.0 mmol) in DMF 30 mL; HCl 1.5 mL and acetic acid 2.0 mL; 100 C for 2 h.,DMF synthesis; ethanol exchange,HCl and acetic acid,not_reported_in_source,100,2,ethanol wash,standard centrifugation; exact duration in Supplementary Table 1,mild oven/ambient drying,30,not_reported_in_source,True,True,high,Jinnan Wei (human verification); AI-assisted source-grounded pre-audit,human_verified,2026-07-29,eligible,condition_level_interface_mapping_ready,not_eligible_current_scoring_schema,"Current scorer requires complete numeric modulator_concentration_m, precursor_concentration_m, pore_radius_nm, surface_tension_mN_m, contact_angle_deg and framework_stability_z; the primary source does not report the full set.",not_applicable_positive,none,Condition differs from P2V25-0001 primarily in drying temperature.,not_reported_in_source,not_reported_in_source,not_reported_in_source,not_reported_in_source,not_reported_in_source,not_reported_in_source
P2V25-0003,1.1,SRC01,DOI,10.1038/s41467-019-10185-1,Tuning porosity in macroscopic monolithic metal-organic frameworks for exceptional natural gas storage,https://www.nature.com/articles/s41467-019-10185-1,peer_reviewed_published_open_access,"Publisher full text: Results - Synthesis of monolithic MOFs, Fig. 2f; Methods - Synthesis of UiO-66_A-D; Supplementary Table 1.",DMF washing followed by 30 C drying produced an optically transparent monolith.,UiO-66_C,UiO,Zr6,BDC,optically transparent monolith,confirmed_monolith,UiO-66 gel followed by DMF wash and mild drying,BDC 1.20 g (7.25 mmol) + ZrOCl2.8H2O 1.61 g (5.0 mmol) in DMF 30 mL; HCl 1.5 mL and acetic acid 2.0 mL; 100 C for 2 h.,DMF synthesis and DMF wash,HCl and acetic acid,not_reported_in_source,100,2,DMF wash,standard centrifugation; exact duration in Supplementary Table 1,mild oven/ambient drying,30,not_reported_in_source,True,True,high,Jinnan Wei (human verification); AI-assisted source-grounded pre-audit,human_verified,2026-07-29,eligible,condition_level_interface_mapping_ready,not_eligible_current_scoring_schema,"Current scorer requires complete numeric modulator_concentration_m, precursor_concentration_m, pore_radius_nm, surface_tension_mN_m, contact_angle_deg and framework_stability_z; the primary source does not report the full set.",not_applicable_positive,none,Condition differs from P2V25-0002 by washing solvent.,not_reported_in_source,not_reported_in_source,not_reported_in_source,not_reported_in_source,not_reported_in_source,not_reported_in_source
P2V25-0004,1.1,SRC01,DOI,10.1038/s41467-019-10185-1,Tuning porosity in macroscopic monolithic metal-organic frameworks for exceptional natural gas storage,https://www.nature.com/articles/s41467-019-10185-1,peer_reviewed_published_open_access,"Publisher full text: Results - Synthesis of monolithic MOFs, Fig. 2g; Methods - Synthesis of UiO-66_A-D; Supplementary Table 1.",Extended 180 min centrifugation before 30 C drying produced the densified monolithic variant.,UiO-66_D,UiO,Zr6,BDC,densified nanoparticle monolith,confirmed_monolith,"UiO-66 gel followed by DMF wash, extended centrifugation and mild drying",BDC 1.20 g (7.25 mmol) + ZrOCl2.8H2O 1.61 g (5.0 mmol) in DMF 30 mL; HCl 1.5 mL and acetic acid 2.0 mL; 100 C for 2 h.,DMF synthesis and DMF wash,HCl and acetic acid,not_reported_in_source,100,2,DMF wash,extended centrifugation 180 min,mild oven/ambient drying,30,not_reported_in_source,True,True,high,Jinnan Wei (human verification); AI-assisted source-grounded pre-audit,human_verified,2026-07-29,eligible,condition_level_interface_mapping_ready,not_eligible_current_scoring_schema,"Current scorer requires complete numeric modulator_concentration_m, precursor_concentration_m, pore_radius_nm, surface_tension_mN_m, contact_angle_deg and framework_stability_z; the primary source does not report the full set.",not_applicable_positive,none,Condition differs from P2V25-0003 by pre-drying densification time.,not_reported_in_source,not_reported_in_source,not_reported_in_source,not_reported_in_source,not_reported_in_source,not_reported_in_source
P2V25-0005,1.1,SRC02,DOI,10.1039/C6SC05602D,Gel-based morphological design of zirconium metal-organic frameworks,https://pubs.rsc.org/en/content/articlelanding/2017/sc/c6sc05602d,peer_reviewed_published_open_access,Main article PDF: Results paragraph on extrapolation to Zr6-MOFs and Methods - Gel and monolith synthesis (PDF pp. 16-19); RSC ESI Fig. S10 (p. 11) and Fig. S11 (p. 12); UiO-67 aerogel image also in Fig. S2 (p. 5).,UiO-67 gel was prepared by equimolar BPDC substitution and converted to a monolithic xerogel by the reported common solvent-exchange/air-drying route.,UiO-67 xerogel monolith,UiO,Zr6,BPDC,monolithic xerogel,confirmed_monolith,high-concentration Zr-MOF gel followed by solvent exchange and air drying,Equimolar linker substitution into the typical Zr-MOF gel route: linker 14.5 mmol + ZrOCl2.8H2O 10 mmol in DMF 60 mL; HCl 1.5 mL and acetic acid 2 mL; 100 C for 2 h.,DMF,HCl and acetic acid,water from hydrated Zr precursor and HCl solution; exact total water ratio not sample-specific,100,2,twice with DMF and three times with ethanol; fresh solvent and overnight exchange steps as reported,centrifugation after washing; duration not reported,ethanol-exchanged gel air-dried at 200 C for 2 h to form xerogel,200,2,True,True,high,Jinnan Wei (human verification); AI-assisted source-grounded pre-audit,human_verified,2026-07-29,eligible,condition_level_interface_mapping_ready_after_fulltext_recovery,not_eligible_current_scoring_schema,"Outcome and processing route are explicit, but current scoring fields pore_radius_nm, synthesis-solvent surface_tension_mN_m/contact_angle_deg and framework_stability_z are absent; derived descriptor policy is not yet approved.",not_applicable_positive,none,Record narrowed from mixed xero/aerogel wording to a specific xerogel outcome to preserve one condition per record.,not_reported_in_source,not_reported_in_source,not_reported_in_source,not_reported_in_source,not_reported_in_source,not_reported_in_source
P2V25-0006,1.1,SRC02,DOI,10.1039/C6SC05602D,Gel-based morphological design of zirconium metal-organic frameworks,https://pubs.rsc.org/en/content/articlelanding/2017/sc/c6sc05602d,peer_reviewed_published_open_access,Main article PDF: Results paragraph on extrapolation to Zr6-MOFs and Methods - Gel and monolith synthesis (PDF pp. 16-19); RSC ESI Fig. S10 (p. 11) and Fig. S11 (p. 12).,MOF-801 was prepared as a gel by equimolar fumarate substitution and converted to a monolithic xerogel; ESI notes loss of crystallinity relative to the ethanol-exchanged gel.,MOF-801 xerogel monolith,MOF-801,Zr6,fumarate,monolithic xerogel with lower crystallinity than the ethanol-exchanged gel,confirmed_monolith,high-concentration Zr-MOF gel followed by solvent exchange and air drying,Equimolar linker substitution into the typical Zr-MOF gel route: fumaric acid 14.5 mmol + ZrOCl2.8H2O 10 mmol in DMF 60 mL; HCl 1.5 mL and acetic acid 2 mL; 100 C for 2 h.,DMF,HCl and acetic acid,water from hydrated Zr precursor and HCl solution; exact total water ratio not sample-specific,100,2,twice with DMF and three times with ethanol; fresh solvent and overnight exchange steps as reported,centrifugation after washing; duration not reported,ethanol-exchanged gel air-dried at 200 C for 2 h to form xerogel,200,2,True,True,high,Jinnan Wei (human verification); AI-assisted source-grounded pre-audit,human_verified,2026-07-29,eligible,condition_level_interface_mapping_ready_after_fulltext_recovery,not_eligible_current_scoring_schema,"Outcome and processing route are explicit, but current scoring fields pore_radius_nm, synthesis-solvent surface_tension_mN_m/contact_angle_deg and framework_stability_z are absent; derived descriptor policy is not yet approved.",not_applicable_positive,none,"Confirmed sample form, while retaining the source-reported crystallinity caveat.",not_reported_in_source,not_reported_in_source,not_reported_in_source,not_reported_in_source,not_reported_in_source,not_reported_in_source
P2V25-0007,1.1,SRC02,DOI,10.1039/C6SC05602D,Gel-based morphological design of zirconium metal-organic frameworks,https://pubs.rsc.org/en/content/articlelanding/2017/sc/c6sc05602d,peer_reviewed_published_open_access,Main article PDF: Results paragraph on MOF-808 gel/monolith and Methods - Gel and monolith synthesis (PDF pp. 16-19); RSC ESI Fig. S10 (p. 11) and Fig. S11 (p. 12).,The explicitly reported concentrated MOF-808 recipe formed a gel that was solvent exchanged and air dried to a monolithic xerogel.,MOF-808 xerogel monolith,MOF-808,Zr6,BTC,monolithic xerogel,confirmed_monolith,concentrated MOF-808 gel followed by solvent exchange and air drying,BTC 4.8 mmol + ZrOCl2.8H2O 3.3 mmol in DMF 10 mL + formic acid 10 mL + water 0.3 mL; 100 C for 2 h.,DMF and formic acid,formic acid,0.3 mL added water plus hydrated Zr precursor,100,2,twice with DMF and three times with ethanol; fresh solvent and overnight exchange steps as reported,centrifugation after washing; duration not reported,ethanol-exchanged gel air-dried at 200 C for 2 h to form xerogel,200,2,True,True,high,Jinnan Wei (human verification); AI-assisted source-grounded pre-audit,human_verified,2026-07-29,eligible,condition_level_interface_mapping_ready_after_fulltext_recovery,not_eligible_current_scoring_schema,"Outcome and processing route are explicit, but current scoring fields pore_radius_nm, synthesis-solvent surface_tension_mN_m/contact_angle_deg and framework_stability_z are absent; derived descriptor policy is not yet approved.",not_applicable_positive,none,Specific MOF-808 recipe recovered from full Methods.,not_reported_in_source,not_reported_in_source,not_reported_in_source,not_reported_in_source,not_reported_in_source,not_reported_in_source
P2V25-0008,1.1,SRC03,DOI,10.1016/j.mtnano.2021.100166,"Mechanical properties and nanostructure of monolithic zeolitic imidazolate frameworks: a nanoindentation, nanospectroscopy, and finite element study",https://arxiv.org/pdf/2109.14670,peer_reviewed_published_accepted_manuscript_verified,"Accepted manuscript PDF: Fig. 1b (p. 4); Conclusions (p. 15); Methods - Synthesis of monoliths (pp. 15-16), with PXRD confirmation referencing Figs. S1-S2.","The paper explicitly reports a prompt gel, the complete ZIF-8 washing/drying route, and a synthesized monolithic ZIF-8 sample.",monolithic ZIF-8,ZIF,Zn,2-methylimidazolate,binder-free sol-gel-derived ZIF-8 monolith,confirmed_monolith,high-concentration reaction with triethylamine-triggered prompt gelation,"Zn(NO3)2.6H2O 0.595 g and 2-methylimidazole 0.493 g, separately in 9 mL DMF; triethylamine 0.837 mL; molar ratio 1:3:116:3.",DMF,triethylamine,not_reported_in_source,25,not_reported_in_source,"three washes, sequentially DMF, methanol and acetonitrile, 50 mL each",centrifugation at 8000 rpm during each wash,room-temperature drying under fume cupboard,25,72,True,True,high,Jinnan Wei (human verification); AI-assisted source-grounded pre-audit,human_verified,2026-07-29,eligible,condition_level_interface_mapping_ready_after_fulltext_recovery,not_eligible_current_scoring_schema,"Detailed synthesis is available, but current scoring requires pore_radius_nm, surface_tension_mN_m, contact_angle_deg and framework_stability_z; these are not reported for the synthesis condition and cannot be filled with defaults.",not_applicable_positive,none,"Formal publication metadata verified as Materials Today Nano 17, 100166, DOI 10.1016/j.mtnano.2021.100166.",not_reported_in_source,not_reported_in_source,not_reported_in_source,not_reported_in_source,not_reported_in_source,not_reported_in_source
P2V25-0009,1.1,SRC03,DOI,10.1016/j.mtnano.2021.100166,"Mechanical properties and nanostructure of monolithic zeolitic imidazolate frameworks: a nanoindentation, nanospectroscopy, and finite element study",https://arxiv.org/pdf/2109.14670,peer_reviewed_published_accepted_manuscript_verified,"Accepted manuscript PDF: Fig. 1c (p. 4); Conclusions (p. 15); Methods - Synthesis of monoliths (pp. 15-16), with PXRD confirmation referencing Figs. S1-S2.","The paper explicitly states that ZIF-71 monoliths followed the same procedure as ZIF-8, gives starting masses and methanol washing, and confirms the framework by PXRD.",monolithic ZIF-71,ZIF,Zn,"4,5-dichloroimidazolate",binder-free sol-gel-derived ZIF-71 monolith,confirmed_monolith,same high-concentration/triethylamine sol-gel procedure as ZIF-8,"Zn acetate dihydrate 0.439 g + 4,5-dichloroimidazole 0.822 g; same base procedure as ZIF-8.",DMF,triethylamine; amount inherited from stated same procedure,not_reported_in_source,25,not_reported_in_source,three washes in methanol,centrifugation as in stated ZIF-8 procedure,room-temperature drying under fume cupboard as in stated same procedure,25,72,True,True,high,Jinnan Wei (human verification); AI-assisted source-grounded pre-audit,human_verified,2026-07-29,eligible,condition_level_interface_mapping_ready_after_fulltext_recovery,not_eligible_current_scoring_schema,"Detailed synthesis is available, but current scoring requires pore_radius_nm, surface_tension_mN_m, contact_angle_deg and framework_stability_z; these are not reported for the synthesis condition and cannot be filled with defaults.",not_applicable_positive,none,Same-procedure inheritance is retained explicitly rather than silently copied.,not_reported_in_source,not_reported_in_source,not_reported_in_source,not_reported_in_source,not_reported_in_source,not_reported_in_source
P2V25-0010,1.1,SRC04,arXiv,2407.00470,Unusual Pore Volume Dependence of Water Sorption in Monolithic Metal-Organic Framework,https://arxiv.org/pdf/2407.00470,primary_preprint_full_text_verified,"arXiv full-text PDF: Fig. 1b,d,e and material characterization (pp. 6-8); Methods - Materials synthesis of MOF-801 (pp. 20-21).","The full preprint gives the complete monolithic MOF-801 recipe, non-flowing milky gel, extended centrifugation, controlled drying, activation and continuous monolithic morphology.",monolithic MOF-801,MOF-801,Zr6,fumarate,centimetre-scale continuous monolithic MOF-801 with polycrystalline and amorphous regions,confirmed_monolith,"sol-gel synthesis, DMF exchange, extended centrifugation, humidity-controlled drying and vacuum activation",fumaric acid 1.16 g (10 mmol) + ZrOCl2.8H2O 3.22 g (10 mmol) in DMF 60 mL; acetic acid 2.0 mL + HCl 1.5 mL; 100 C for 6 h.,DMF,acetic acid and HCl,water from hydrated Zr precursor and HCl solution,100,6,disperse gel in DMF 50 mL for 30 min before centrifugation,"5500 rpm for 3 min, then repeated wash/centrifugation at 5500 rpm for 180 min","25 C, 30% RH overnight; then 100 C vacuum activation for 12 h",25,overnight plus 12 h activation,True,True,high,Jinnan Wei (human verification); AI-assisted source-grounded pre-audit,human_verified,2026-07-29,eligible,condition_level_interface_mapping_ready_after_fulltext_recovery,not_eligible_current_scoring_schema,"The source reports a detailed recipe and monolith characterization, but current scoring still lacks a valid synthesis-state pore_radius_nm, synthesis-solvent surface_tension/contact angle and framework_stability_z. Reported water contact angle and post-synthesis pore diameter are not substituted for those fields.",not_applicable_positive,none,The public record is a preprint; no later peer-reviewed publication was verified in this audit.,not_reported_in_source,not_reported_in_source,not_reported_in_source,not_reported_in_source,not_reported_in_source,not_reported_in_source
P2V26-0011,1.1,SRC02,DOI,10.1039/C6SC05602D,Gel-based morphological design of zirconium metal-organic frameworks,https://pubs.rsc.org/en/content/articlehtml/2014/sc/c6sc05602d,peer_reviewed_published_open_access_full_text_and_ESI_checked,"Publisher full text: Gel formation, Table S1 entries 1-9 and lines 71-76; Fig. 2b.",Dilute UiO-66 synthesis conditions produced microcrystalline precipitate rather than gel.,UiO-66 dilute synthesis,UiO,Zr6,BDC,microcrystalline powder precipitate,powder_only_under_reported_conditions,dilute UiO-66 solvothermal synthesis,UiO-66 reactants at DMF:Zr ratio about 1500 (8.7 mM ZrOCl2.8H2O); other exact entry-specific values in Table S1,DMF,HCl/acetic acid conditions vary by screening entry,limited water relative to gel-forming conditions,100,2,not_applicable,not_applicable,not_applicable,not_reported_in_source,not_reported_in_source,False,False,high,Jinnan Wei (human verification); AI-assisted source-grounded pre-audit,human_verified,2026-07-29,eligible,condition_level_interface_mapping_ready,not_eligible_current_scoring_schema,Current scorer requires all eight declared fields; source does not report a semantically compatible complete set. No external-property lookup or synthetic imputation is permitted in the current evidence release.,not_a_negative_class_powder_only_under_reported_conditions,none,Do not convert this powder outcome into a general negative label for UiO-66.,not_reported_in_source,not_reported_in_source,not_reported_in_source,not_reported_in_source,not_reported_in_source,not_reported_in_source
P2V26-0012,1.1,SRC02,DOI,10.1039/C6SC05602D,Gel-based morphological design of zirconium metal-organic frameworks,https://pubs.rsc.org/en/content/articlehtml/2014/sc/c6sc05602d,peer_reviewed_published_open_access_full_text_and_ESI_checked,"Publisher full text: Experimental - Zr-MOF gels; Gel formation, Table S1 entry 10; Fig. 1a and Fig. 2c.",High reactant concentration with ZrOCl2.8H2O produced a non-flowing nanocrystalline UiO-66 gel.,UiO-66 gel (Table S1 entry 10),UiO,Zr6,BDC,non-flowing nanocrystalline gel,confirmed_gel_or_monolithic_intermediate,concentrated UiO-66 gel synthesis,14.5 mmol BDC + 10 mmol ZrOCl2.8H2O in 60 mL DMF; HCl 1.5 mL; acetic acid 2 mL,DMF,HCl and acetic acid,crystallization water from ZrOCl2.8H2O; no extra numeric water stated for entry 10 in main text,100,2,not_yet_washed,not_applicable,not_applicable,not_reported_in_source,not_reported_in_source,True,False,high,Jinnan Wei (human verification); AI-assisted source-grounded pre-audit,human_verified,2026-07-29,eligible,condition_level_interface_mapping_ready,not_eligible_current_scoring_schema,Current scorer requires all eight declared fields; source does not report a semantically compatible complete set. No external-property lookup or synthetic imputation is permitted in the current evidence release.,not_applicable_positive,none,Layer-A gel intermediate; not a final monolith.,not_reported_in_source,not_reported_in_source,not_reported_in_source,not_reported_in_source,not_reported_in_source,not_reported_in_source
P2V26-0013,1.1,SRC02,DOI,10.1039/C6SC05602D,Gel-based morphological design of zirconium metal-organic frameworks,https://pubs.rsc.org/en/content/articlehtml/2014/sc/c6sc05602d,peer_reviewed_published_open_access_full_text_and_ESI_checked,"Publisher full text: Experimental - Washing procedure and Zr-MOF monoliths; Monolith formation, Fig. 1b-c, Fig. 2d and lines 85-88.",Ethanol-exchanged UiO-66 gel dried in air at 200 C formed an optically transparent xerogel monolith.,UiO-66 xerogel,UiO,Zr6,BDC,optically transparent xerogel monolith,confirmed_monolith,"UiO-66 gel, solvent exchange and air drying",14.5 mmol BDC + 10 mmol ZrOCl2.8H2O in 60 mL DMF; HCl/acetic acid; 100 C for 2 h,DMF synthesis; ethanol final exchange,HCl and acetic acid,not_reported_in_source,100,2,"twice with DMF and three times with ethanol; vortex homogenization, overnight equilibration and centrifugation between exchanges",centrifugation-driven syneresis after each exchange,air/oven drying,200,2,True,True,high,Jinnan Wei (human verification); AI-assisted source-grounded pre-audit,human_verified,2026-07-29,eligible,condition_level_interface_mapping_ready,not_eligible_current_scoring_schema,Current scorer requires all eight declared fields; source does not report a semantically compatible complete set. No external-property lookup or synthetic imputation is permitted in the current evidence release.,not_applicable_positive,none,,not_reported_in_source,not_reported_in_source,not_reported_in_source,not_reported_in_source,not_reported_in_source,not_reported_in_source
P2V26-0014,1.1,SRC02,DOI,10.1039/C6SC05602D,Gel-based morphological design of zirconium metal-organic frameworks,https://pubs.rsc.org/en/content/articlehtml/2014/sc/c6sc05602d,peer_reviewed_published_open_access_full_text_and_ESI_checked,"Publisher full text: Experimental - Aerogel monoliths; Monolith formation, Fig. 2e and Fig. S2; lines 87-88.",Supercritical CO2 extraction of ethanol-exchanged UiO-66 gel produced an aerogel monolith without observable volume change.,UiO-66 aerogel,UiO,Zr6,BDC,aerogel monolith,confirmed_monolith,"UiO-66 gel, ethanol exchange and supercritical CO2 extraction",same UiO-66 gel synthesis as Table S1 entry 10,DMF synthesis; ethanol final exchange; supercritical CO2,HCl and acetic acid,not_reported_in_source,100,2,"twice with DMF and three times with ethanol; vortex homogenization, overnight equilibration and centrifugation between exchanges",centrifugation-driven syneresis,supercritical CO2 extraction followed by staged vacuum evacuation,50,1,True,True,high,Jinnan Wei (human verification); AI-assisted source-grounded pre-audit,human_verified,2026-07-29,eligible,condition_level_interface_mapping_ready,not_eligible_current_scoring_schema,Current scorer requires all eight declared fields; source does not report a semantically compatible complete set. No external-property lookup or synthetic imputation is permitted in the current evidence release.,not_applicable_positive,none,"Vacuum evacuation followed at 100 C and 125 C for 6 h each; represented in notes, not collapsed into one drying temperature.",not_reported_in_source,not_reported_in_source,not_reported_in_source,not_reported_in_source,not_reported_in_source,not_reported_in_source
P2V26-0015,1.1,SRC02,DOI,10.1039/C6SC05602D,Gel-based morphological design of zirconium metal-organic frameworks,https://pubs.rsc.org/en/content/articlehtml/2014/sc/c6sc05602d,peer_reviewed_published_open_access_full_text_and_ESI_checked,"Publisher full text: Monolithic UiO-66 spheres, Fig. 5 and lines 127-136; Experimental - Monolithic UiO-66 spheres.",Oil-drop granulation of a washed UiO-66 gel produced binder-free xerogel spheres about 600 micrometres in diameter.,UiO-66 xerogel spheres,UiO,Zr6,BDC,monolithic xerogel spheres (~600 um),confirmed_monolith,UiO-66 gel shaped by oil-drop granulation,standard UiO-66 gel; five DMF washes; redispersed with 30 wt% fresh DMF,DMF; hot silicone oil; dichloromethane cleaning,HCl/acetic acid in original synthesis; silicone oil shaping medium,30 wt% fresh DMF before dispensing,100,2,five DMF washes; dichloromethane after oil recovery,centrifuged after washing; perfusor-pump dispensing,oil-drop shaping followed by air annealing,200,1,True,True,high,Jinnan Wei (human verification); AI-assisted source-grounded pre-audit,human_verified,2026-07-29,eligible,condition_level_interface_mapping_ready,not_eligible_current_scoring_schema,Current scorer requires all eight declared fields; source does not report a semantically compatible complete set. No external-property lookup or synthetic imputation is permitted in the current evidence release.,not_applicable_positive,none,,not_reported_in_source,not_reported_in_source,not_reported_in_source,not_reported_in_source,not_reported_in_source,not_reported_in_source
P2V26-0016,1.1,SRC02,DOI,10.1039/C6SC05602D,Gel-based morphological design of zirconium metal-organic frameworks,https://pubs.rsc.org/en/content/articlehtml/2014/sc/c6sc05602d,peer_reviewed_published_open_access_full_text_and_ESI_checked,"Publisher full text: Experimental - Zr-MOF gels; Results - extrapolation to other Zr6-MOFs, lines 151-153; ESI Fig. S10 and Fig. S11.",Equimolar linker substitution in the UiO-66 routine produced a non-flowing nanocrystalline UiO-66-NO2 gel.,UiO-66-NO2 gel,UiO,Zr6,2-nitro-BDC,non-flowing nanocrystalline gel,confirmed_gel_or_monolithic_intermediate,UiO-66-NO2 gel synthesis by linker substitution,"Equimolar 2-nitroterephthalic acid substitution in the UiO-66 gel routine: 14.5 mmol linker + 10 mmol ZrOCl2.8H2O in 60 mL DMF; HCl 1.5 mL and acetic acid 2 mL; 100 C for 2 h, unless otherwise specified.",DMF,HCl and acetic acid,not_reported_in_source,100,2,not_yet_washed,not_applicable,not_applicable,not_reported_in_source,not_reported_in_source,True,False,high,Jinnan Wei (human verification); AI-assisted source-grounded pre-audit,human_verified,2026-07-29,eligible,condition_level_interface_mapping_ready,not_eligible_current_scoring_schema,Current scorer requires all eight declared fields; source does not report a semantically compatible complete set. No external-property lookup or synthetic imputation is permitted in the current evidence release.,not_applicable_positive,none,Layer-A gel intermediate; final xerogel recorded separately where not already present.,not_reported_in_source,not_reported_in_source,not_reported_in_source,not_reported_in_source,not_reported_in_source,not_reported_in_source
P2V26-0017,1.1,SRC02,DOI,10.1039/C6SC05602D,Gel-based morphological design of zirconium metal-organic frameworks,https://pubs.rsc.org/en/content/articlehtml/2014/sc/c6sc05602d,peer_reviewed_published_open_access_full_text_and_ESI_checked,Publisher full text: Experimental - Washing procedure and Zr-MOF monoliths; Results lines 151-153; ESI Figs. S10-S11.,Solvent-exchanged UiO-66-NO2 gel was transformed into a monolithic xerogel by air drying.,UiO-66-NO2 xerogel,UiO,Zr6,2-nitro-BDC,monolithic xerogel,confirmed_monolith,"UiO-66-NO2 gel, solvent exchange and air drying","Equimolar 2-nitroterephthalic acid substitution in the UiO-66 gel routine: 14.5 mmol linker + 10 mmol ZrOCl2.8H2O in 60 mL DMF; HCl 1.5 mL and acetic acid 2 mL; 100 C for 2 h, unless otherwise specified.",DMF synthesis; ethanol final exchange,HCl and acetic acid,not_reported_in_source,100,2,"twice with DMF and three times with ethanol; vortex homogenization, overnight equilibration and centrifugation between exchanges",centrifugation-driven syneresis,air/oven drying,200,2,True,True,high,Jinnan Wei (human verification); AI-assisted source-grounded pre-audit,human_verified,2026-07-29,eligible,condition_level_interface_mapping_ready,not_eligible_current_scoring_schema,Current scorer requires all eight declared fields; source does not report a semantically compatible complete set. No external-property lookup or synthetic imputation is permitted in the current evidence release.,not_applicable_positive,none,,not_reported_in_source,not_reported_in_source,not_reported_in_source,not_reported_in_source,not_reported_in_source,not_reported_in_source
P2V26-0018,1.1,SRC02,DOI,10.1039/C6SC05602D,Gel-based morphological design of zirconium metal-organic frameworks,https://pubs.rsc.org/en/content/articlehtml/2014/sc/c6sc05602d,peer_reviewed_published_open_access_full_text_and_ESI_checked,"Publisher full text: Experimental - Zr-MOF gels; Results - extrapolation to other Zr6-MOFs, lines 151-153; ESI Fig. S10 and Fig. S11.",Equimolar linker substitution in the UiO-66 routine produced a non-flowing nanocrystalline UiO-66-NH2 gel.,UiO-66-NH2 gel,UiO,Zr6,2-amino-BDC,non-flowing nanocrystalline gel,confirmed_gel_or_monolithic_intermediate,UiO-66-NH2 gel synthesis by linker substitution,"Equimolar 2-aminoterephthalic acid substitution in the UiO-66 gel routine: 14.5 mmol linker + 10 mmol ZrOCl2.8H2O in 60 mL DMF; HCl 1.5 mL and acetic acid 2 mL; 100 C for 2 h, unless otherwise specified.",DMF,HCl and acetic acid,not_reported_in_source,100,2,not_yet_washed,not_applicable,not_applicable,not_reported_in_source,not_reported_in_source,True,False,high,Jinnan Wei (human verification); AI-assisted source-grounded pre-audit,human_verified,2026-07-29,eligible,condition_level_interface_mapping_ready,not_eligible_current_scoring_schema,Current scorer requires all eight declared fields; source does not report a semantically compatible complete set. No external-property lookup or synthetic imputation is permitted in the current evidence release.,not_applicable_positive,none,Layer-A gel intermediate; final xerogel recorded separately where not already present.,not_reported_in_source,not_reported_in_source,not_reported_in_source,not_reported_in_source,not_reported_in_source,not_reported_in_source
P2V26-0019,1.1,SRC02,DOI,10.1039/C6SC05602D,Gel-based morphological design of zirconium metal-organic frameworks,https://pubs.rsc.org/en/content/articlehtml/2014/sc/c6sc05602d,peer_reviewed_published_open_access_full_text_and_ESI_checked,Publisher full text: Experimental - Washing procedure and Zr-MOF monoliths; Results lines 151-153; ESI Figs. S10-S11.,Solvent-exchanged UiO-66-NH2 gel was transformed into a monolithic xerogel by air drying.,UiO-66-NH2 xerogel,UiO,Zr6,2-amino-BDC,monolithic xerogel,confirmed_monolith,"UiO-66-NH2 gel, solvent exchange and air drying","Equimolar 2-aminoterephthalic acid substitution in the UiO-66 gel routine: 14.5 mmol linker + 10 mmol ZrOCl2.8H2O in 60 mL DMF; HCl 1.5 mL and acetic acid 2 mL; 100 C for 2 h, unless otherwise specified.",DMF synthesis; ethanol final exchange,HCl and acetic acid,not_reported_in_source,100,2,"twice with DMF and three times with ethanol; vortex homogenization, overnight equilibration and centrifugation between exchanges",centrifugation-driven syneresis,air/oven drying,200,2,True,True,high,Jinnan Wei (human verification); AI-assisted source-grounded pre-audit,human_verified,2026-07-29,eligible,condition_level_interface_mapping_ready,not_eligible_current_scoring_schema,Current scorer requires all eight declared fields; source does not report a semantically compatible complete set. No external-property lookup or synthetic imputation is permitted in the current evidence release.,not_applicable_positive,none,,not_reported_in_source,not_reported_in_source,not_reported_in_source,not_reported_in_source,not_reported_in_source,not_reported_in_source
P2V26-0020,1.1,SRC02,DOI,10.1039/C6SC05602D,Gel-based morphological design of zirconium metal-organic frameworks,https://pubs.rsc.org/en/content/articlehtml/2014/sc/c6sc05602d,peer_reviewed_published_open_access_full_text_and_ESI_checked,"Publisher full text: Experimental - Zr-MOF gels; Results - extrapolation to other Zr6-MOFs, lines 151-153; ESI Fig. S10 and Fig. S11.",Equimolar linker substitution in the UiO-66 routine produced a non-flowing nanocrystalline UiO-66-(OH)2 gel.,UiO-66-(OH)2 gel,UiO,Zr6,"2,5-dihydroxy-BDC",non-flowing nanocrystalline gel,confirmed_gel_or_monolithic_intermediate,UiO-66-(OH)2 gel synthesis by linker substitution,"Equimolar 2,5-dihydroxyterephthalic acid substitution in the UiO-66 gel routine: 14.5 mmol linker + 10 mmol ZrOCl2.8H2O in 60 mL DMF; HCl 1.5 mL and acetic acid 2 mL; 100 C for 2 h, unless otherwise specified.",DMF,HCl and acetic acid,not_reported_in_source,100,2,not_yet_washed,not_applicable,not_applicable,not_reported_in_source,not_reported_in_source,True,False,high,Jinnan Wei (human verification); AI-assisted source-grounded pre-audit,human_verified,2026-07-29,eligible,condition_level_interface_mapping_ready,not_eligible_current_scoring_schema,Current scorer requires all eight declared fields; source does not report a semantically compatible complete set. No external-property lookup or synthetic imputation is permitted in the current evidence release.,not_applicable_positive,none,Layer-A gel intermediate; final xerogel recorded separately where not already present.,not_reported_in_source,not_reported_in_source,not_reported_in_source,not_reported_in_source,not_reported_in_source,not_reported_in_source
P2V26-0021,1.1,SRC02,DOI,10.1039/C6SC05602D,Gel-based morphological design of zirconium metal-organic frameworks,https://pubs.rsc.org/en/content/articlehtml/2014/sc/c6sc05602d,peer_reviewed_published_open_access_full_text_and_ESI_checked,Publisher full text: Experimental - Washing procedure and Zr-MOF monoliths; Results lines 151-153; ESI Figs. S10-S11.,Solvent-exchanged UiO-66-(OH)2 gel was transformed into a monolithic xerogel by air drying.,UiO-66-(OH)2 xerogel,UiO,Zr6,"2,5-dihydroxy-BDC",monolithic xerogel,confirmed_monolith,"UiO-66-(OH)2 gel, solvent exchange and air drying","Equimolar 2,5-dihydroxyterephthalic acid substitution in the UiO-66 gel routine: 14.5 mmol linker + 10 mmol ZrOCl2.8H2O in 60 mL DMF; HCl 1.5 mL and acetic acid 2 mL; 100 C for 2 h, unless otherwise specified.",DMF synthesis; ethanol final exchange,HCl and acetic acid,not_reported_in_source,100,2,"twice with DMF and three times with ethanol; vortex homogenization, overnight equilibration and centrifugation between exchanges",centrifugation-driven syneresis,air/oven drying,200,2,True,True,high,Jinnan Wei (human verification); AI-assisted source-grounded pre-audit,human_verified,2026-07-29,eligible,condition_level_interface_mapping_ready,not_eligible_current_scoring_schema,Current scorer requires all eight declared fields; source does not report a semantically compatible complete set. No external-property lookup or synthetic imputation is permitted in the current evidence release.,not_applicable_positive,none,,not_reported_in_source,not_reported_in_source,not_reported_in_source,not_reported_in_source,not_reported_in_source,not_reported_in_source
P2V26-0022,1.1,SRC02,DOI,10.1039/C6SC05602D,Gel-based morphological design of zirconium metal-organic frameworks,https://pubs.rsc.org/en/content/articlehtml/2014/sc/c6sc05602d,peer_reviewed_published_open_access_full_text_and_ESI_checked,"Publisher full text: Experimental - Zr-MOF gels; Results - extrapolation to other Zr6-MOFs, lines 151-153; ESI Fig. S10 and Fig. S11.",Equimolar linker substitution in the UiO-66 routine produced a non-flowing nanocrystalline UiO-67 gel.,UiO-67 gel,UiO,Zr6,BPDC,non-flowing nanocrystalline gel,confirmed_gel_or_monolithic_intermediate,UiO-67 gel synthesis by linker substitution,"Equimolar 4,4-biphenyldicarboxylic acid substitution in the UiO-66 gel routine: 14.5 mmol linker + 10 mmol ZrOCl2.8H2O in 60 mL DMF; HCl 1.5 mL and acetic acid 2 mL; 100 C for 2 h, unless otherwise specified.",DMF,HCl and acetic acid,not_reported_in_source,100,2,not_yet_washed,not_applicable,not_applicable,not_reported_in_source,not_reported_in_source,True,False,high,Jinnan Wei (human verification); AI-assisted source-grounded pre-audit,human_verified,2026-07-29,eligible,condition_level_interface_mapping_ready,not_eligible_current_scoring_schema,Current scorer requires all eight declared fields; source does not report a semantically compatible complete set. No external-property lookup or synthetic imputation is permitted in the current evidence release.,not_applicable_positive,none,Layer-A gel intermediate; final xerogel recorded separately where not already present.,not_reported_in_source,not_reported_in_source,not_reported_in_source,not_reported_in_source,not_reported_in_source,not_reported_in_source
P2V26-0023,1.1,SRC02,DOI,10.1039/C6SC05602D,Gel-based morphological design of zirconium metal-organic frameworks,https://pubs.rsc.org/en/content/articlehtml/2014/sc/c6sc05602d,peer_reviewed_published_open_access_full_text_and_ESI_checked,"Publisher full text: Experimental - Zr-MOF gels; Results - extrapolation to other Zr6-MOFs, lines 151-153; ESI Fig. S10 and Fig. S11.",Equimolar linker substitution in the UiO-66 routine produced a non-flowing nanocrystalline MOF-801 gel.,MOF-801 gel,MOF-801,Zr6,fumarate,non-flowing nanocrystalline gel,confirmed_gel_or_monolithic_intermediate,MOF-801 gel synthesis by linker substitution,"Equimolar fumaric acid substitution in the UiO-66 gel routine: 14.5 mmol linker + 10 mmol ZrOCl2.8H2O in 60 mL DMF; HCl 1.5 mL and acetic acid 2 mL; 100 C for 2 h, unless otherwise specified.",DMF,HCl and acetic acid,not_reported_in_source,100,2,not_yet_washed,not_applicable,not_applicable,not_reported_in_source,not_reported_in_source,True,False,high,Jinnan Wei (human verification); AI-assisted source-grounded pre-audit,human_verified,2026-07-29,eligible,condition_level_interface_mapping_ready,not_eligible_current_scoring_schema,Current scorer requires all eight declared fields; source does not report a semantically compatible complete set. No external-property lookup or synthetic imputation is permitted in the current evidence release.,not_applicable_positive,none,Layer-A gel intermediate; final xerogel recorded separately where not already present.,not_reported_in_source,not_reported_in_source,not_reported_in_source,not_reported_in_source,not_reported_in_source,not_reported_in_source
P2V26-0024,1.1,SRC02,DOI,10.1039/C6SC05602D,Gel-based morphological design of zirconium metal-organic frameworks,https://pubs.rsc.org/en/content/articlehtml/2014/sc/c6sc05602d,peer_reviewed_published_open_access_full_text_and_ESI_checked,"Publisher full text: Experimental - Zr-MOF gels, line 46; Results lines 152-153; ESI Figs. S10-S11.",Concentrated MOF-808 synthesis with formic acid and water produced a nanocrystalline gel.,MOF-808 gel,MOF-808,Zr6,BTC,nanocrystalline gel,confirmed_gel_or_monolithic_intermediate,MOF-808 gel synthesis,4.8 mmol BTC + 3.3 mmol ZrOCl2.8H2O in 10 mL DMF + 10 mL formic acid + 0.3 mL water,DMF/formic acid,formic acid,0.3 mL distilled water,100,2,not_yet_washed,not_applicable,not_applicable,not_reported_in_source,not_reported_in_source,True,False,high,Jinnan Wei (human verification); AI-assisted source-grounded pre-audit,human_verified,2026-07-29,eligible,condition_level_interface_mapping_ready,not_eligible_current_scoring_schema,Current scorer requires all eight declared fields; source does not report a semantically compatible complete set. No external-property lookup or synthetic imputation is permitted in the current evidence release.,not_applicable_positive,none,Layer-A gel intermediate; final xerogel already represented in v25.1 record P2V25-0007.,not_reported_in_source,not_reported_in_source,not_reported_in_source,not_reported_in_source,not_reported_in_source,not_reported_in_source
P2V26-0025,1.1,SRC02,DOI,10.1039/C6SC05602D,Gel-based morphological design of zirconium metal-organic frameworks,https://pubs.rsc.org/en/content/articlehtml/2014/sc/c6sc05602d,peer_reviewed_published_open_access_full_text_and_ESI_checked,"Publisher full text: Experimental - NU-1000 gel, lines 46-47; Results lines 152-153; ESI Figs. S10-S11.",The concentrated NU-1000 reaction produced a nanocrystalline gel.,NU-1000 gel,NU-1000,Zr6,TBAPy,nanocrystalline gel,confirmed_gel_or_monolithic_intermediate,NU-1000 gel synthesis,167 umol ZrOCl2.8H2O in 1 mL DMF; 146 umol H4TBAPy; 25 uL HCl; 584 umol benzoic acid; 15 min sonication; 100 C for 48 h,DMF,HCl and benzoic acid,not_reported_in_source,100,48,not_yet_washed,not_applicable,not_applicable,not_reported_in_source,not_reported_in_source,True,False,high,Jinnan Wei (human verification); AI-assisted source-grounded pre-audit,human_verified,2026-07-29,eligible,condition_level_interface_mapping_ready,not_eligible_current_scoring_schema,Current scorer requires all eight declared fields; source does not report a semantically compatible complete set. No external-property lookup or synthetic imputation is permitted in the current evidence release.,not_applicable_positive,none,Layer-A gel intermediate.,not_reported_in_source,not_reported_in_source,not_reported_in_source,not_reported_in_source,not_reported_in_source,not_reported_in_source
P2V26-0026,1.1,SRC02,DOI,10.1039/C6SC05602D,Gel-based morphological design of zirconium metal-organic frameworks,https://pubs.rsc.org/en/content/articlehtml/2014/sc/c6sc05602d,peer_reviewed_published_open_access_full_text_and_ESI_checked,Publisher full text: Experimental - washing/monolith procedure; Results lines 152-153; ESI Figs. S10-S11.,The solvent-exchanged NU-1000 gel was transformed into a monolithic xerogel by air drying.,NU-1000 xerogel,NU-1000,Zr6,TBAPy,monolithic xerogel,confirmed_monolith,"NU-1000 gel, solvent exchange and air drying",167 umol ZrOCl2.8H2O in 1 mL DMF; 146 umol H4TBAPy; 25 uL HCl; 584 umol benzoic acid; 15 min sonication; 100 C for 48 h,DMF synthesis; ethanol final exchange,HCl and benzoic acid,not_reported_in_source,100,48,"twice with DMF and three times with ethanol; vortex homogenization, overnight equilibration and centrifugation between exchanges",centrifugation-driven syneresis,air/oven drying,200,2,True,True,high,Jinnan Wei (human verification); AI-assisted source-grounded pre-audit,human_verified,2026-07-29,eligible,condition_level_interface_mapping_ready,not_eligible_current_scoring_schema,Current scorer requires all eight declared fields; source does not report a semantically compatible complete set. No external-property lookup or synthetic imputation is permitted in the current evidence release.,not_applicable_positive,none,,not_reported_in_source,not_reported_in_source,not_reported_in_source,not_reported_in_source,not_reported_in_source,not_reported_in_source
P2V26-0027,1.1,SRC05,DOI,10.1038/nmat5050,A sol-gel monolithic metal-organic framework with enhanced methane uptake,https://www.repository.cam.ac.uk/items/e84c3326-9974-45fc-8c3a-d608b6da9c64,peer_reviewed_published_accepted_manuscript_open_repository,"Accepted manuscript: Sol-gel synthesis of MOFs, pp. 4-7; Fig. 1; particle-size/drying-temperature study, pp. 7-8; Supplementary Table 2 referenced.",HKUST-1 gel with about 51 nm primary particles dried at 20 C retained a dense monolithic structure.,"monoHKUST-1, 51 nm, 20 C",HKUST-1,Cu paddlewheel,BTC,dense glassy-look monolith,confirmed_monolith,HKUST-1 sol-gel formation followed by mild drying,"HKUST-1 sol-gel synthesis; crystalline primary particles formed, mother liquor centrifuged to a dense gel and washed before controlled drying; exact reagent amounts in full methods/SI.",not_reported_in_source,not_reported_in_source,not_reported_in_source,20,not_reported_in_source,washed dense gel,centrifugation-driven densification,slow ambient drying,20,not_reported_in_source,True,True,high,Jinnan Wei (human verification); AI-assisted source-grounded pre-audit,human_verified,2026-07-29,eligible,condition_level_interface_mapping_ready,not_eligible_current_scoring_schema,Current scorer requires all eight declared fields; source does not report a semantically compatible complete set. No external-property lookup or synthetic imputation is permitted in the current evidence release.,not_applicable_positive,none,,not_reported_in_source,not_reported_in_source,not_reported_in_source,not_reported_in_source,not_reported_in_source,not_reported_in_source
P2V26-0028,1.1,SRC05,DOI,10.1038/nmat5050,A sol-gel monolithic metal-organic framework with enhanced methane uptake,https://www.repository.cam.ac.uk/items/e84c3326-9974-45fc-8c3a-d608b6da9c64,peer_reviewed_published_accepted_manuscript_open_repository,"Accepted manuscript: Sol-gel synthesis of MOFs, pp. 4-7; Fig. 1; particle-size/drying-temperature study, pp. 7-8; Supplementary Table 2 referenced.",HKUST-1 gel with about 51 nm particles could be dried up to 40 C and retain monolithic structure.,"monoHKUST-1, 51 nm, 40 C",HKUST-1,Cu paddlewheel,BTC,dense monolith,confirmed_monolith,HKUST-1 sol-gel formation followed by controlled mild drying,"HKUST-1 sol-gel synthesis; crystalline primary particles formed, mother liquor centrifuged to a dense gel and washed before controlled drying; exact reagent amounts in full methods/SI.",not_reported_in_source,not_reported_in_source,not_reported_in_source,20,not_reported_in_source,washed dense gel,centrifugation-driven densification,controlled drying,40,not_reported_in_source,True,True,high,Jinnan Wei (human verification); AI-assisted source-grounded pre-audit,human_verified,2026-07-29,eligible,condition_level_interface_mapping_ready,not_eligible_current_scoring_schema,Current scorer requires all eight declared fields; source does not report a semantically compatible complete set. No external-property lookup or synthetic imputation is permitted in the current evidence release.,not_applicable_positive,none,,not_reported_in_source,not_reported_in_source,not_reported_in_source,not_reported_in_source,not_reported_in_source,not_reported_in_source
P2V26-0029,1.1,SRC05,DOI,10.1038/nmat5050,A sol-gel monolithic metal-organic framework with enhanced methane uptake,https://www.repository.cam.ac.uk/items/e84c3326-9974-45fc-8c3a-d608b6da9c64,peer_reviewed_published_accepted_manuscript_open_repository,"Accepted manuscript: Sol-gel synthesis of MOFs, pp. 4-7; Fig. 1; particle-size/drying-temperature study, pp. 7-8; Supplementary Table 2 referenced.","For about 51 nm particles, drying above the successful range (>40 C; tested within 20-80 C) did not preserve the monolithic form and produced powder.","powdHKUST-1, 51 nm, >40 C",HKUST-1,Cu paddlewheel,BTC,powder after high-temperature drying,powder_only_under_reported_conditions,HKUST-1 dense gel followed by high-temperature drying,"HKUST-1 sol-gel synthesis; crystalline primary particles formed, mother liquor centrifuged to a dense gel and washed before controlled drying; exact reagent amounts in full methods/SI.",not_reported_in_source,not_reported_in_source,not_reported_in_source,20,not_reported_in_source,washed dense gel,centrifugation-driven densification,high-temperature drying,>40 to 80,not_reported_in_source,True,False,high,Jinnan Wei (human verification); AI-assisted source-grounded pre-audit,human_verified,2026-07-29,eligible,condition_level_interface_mapping_ready,not_eligible_current_scoring_schema,Current scorer requires all eight declared fields; source does not report a semantically compatible complete set. No external-property lookup or synthetic imputation is permitted in the current evidence release.,condition_specific_negative_only,none,"Temperature represented as a reported unsuccessful range, not a single exact value.",not_reported_in_source,not_reported_in_source,not_reported_in_source,not_reported_in_source,not_reported_in_source,not_reported_in_source
P2V26-0030,1.1,SRC05,DOI,10.1038/nmat5050,A sol-gel monolithic metal-organic framework with enhanced methane uptake,https://www.repository.cam.ac.uk/items/e84c3326-9974-45fc-8c3a-d608b6da9c64,peer_reviewed_published_accepted_manuscript_open_repository,"Accepted manuscript: Sol-gel synthesis of MOFs, pp. 4-7; Fig. 1; particle-size/drying-temperature study, pp. 7-8; Supplementary Table 2 referenced.",HKUST-1 gel with about 73 nm particles formed a monolith when dried at 20 C.,"monoHKUST-1, 73 nm, 20 C",HKUST-1,Cu paddlewheel,BTC,dense monolith,confirmed_monolith,HKUST-1 sol-gel formation with larger primary particles and mild drying,"HKUST-1 sol-gel synthesis; crystalline primary particles formed, mother liquor centrifuged to a dense gel and washed before controlled drying; exact reagent amounts in full methods/SI.",not_reported_in_source,not_reported_in_source,not_reported_in_source,20,not_reported_in_source,washed dense gel,centrifugation-driven densification,slow ambient drying,20,not_reported_in_source,True,True,high,Jinnan Wei (human verification); AI-assisted source-grounded pre-audit,human_verified,2026-07-29,eligible,condition_level_interface_mapping_ready,not_eligible_current_scoring_schema,Current scorer requires all eight declared fields; source does not report a semantically compatible complete set. No external-property lookup or synthetic imputation is permitted in the current evidence release.,not_applicable_positive,none,,not_reported_in_source,not_reported_in_source,not_reported_in_source,not_reported_in_source,not_reported_in_source,not_reported_in_source
P2V26-0031,1.1,SRC05,DOI,10.1038/nmat5050,A sol-gel monolithic metal-organic framework with enhanced methane uptake,https://www.repository.cam.ac.uk/items/e84c3326-9974-45fc-8c3a-d608b6da9c64,peer_reviewed_published_accepted_manuscript_open_repository,"Accepted manuscript: Sol-gel synthesis of MOFs, pp. 4-7; Fig. 1; particle-size/drying-temperature study, pp. 7-8; Supplementary Table 2 referenced.",HKUST-1 gel with about 73 nm particles could be successfully dried up to 30 C to form a monolith.,"monoHKUST-1, 73 nm, 30 C",HKUST-1,Cu paddlewheel,BTC,dense monolith,confirmed_monolith,HKUST-1 sol-gel formation with larger primary particles and mild drying,"HKUST-1 sol-gel synthesis; crystalline primary particles formed, mother liquor centrifuged to a dense gel and washed before controlled drying; exact reagent amounts in full methods/SI.",not_reported_in_source,not_reported_in_source,not_reported_in_source,20,not_reported_in_source,washed dense gel,centrifugation-driven densification,controlled drying,30,not_reported_in_source,True,True,high,Jinnan Wei (human verification); AI-assisted source-grounded pre-audit,human_verified,2026-07-29,eligible,condition_level_interface_mapping_ready,not_eligible_current_scoring_schema,Current scorer requires all eight declared fields; source does not report a semantically compatible complete set. No external-property lookup or synthetic imputation is permitted in the current evidence release.,not_applicable_positive,none,,not_reported_in_source,not_reported_in_source,not_reported_in_source,not_reported_in_source,not_reported_in_source,not_reported_in_source
P2V26-0032,1.1,SRC05,DOI,10.1038/nmat5050,A sol-gel monolithic metal-organic framework with enhanced methane uptake,https://www.repository.cam.ac.uk/items/e84c3326-9974-45fc-8c3a-d608b6da9c64,peer_reviewed_published_accepted_manuscript_open_repository,"Accepted manuscript: Sol-gel synthesis of MOFs, pp. 4-7; Fig. 1; particle-size/drying-temperature study, pp. 7-8; Supplementary Table 2 referenced.","For about 73 nm particles, drying above 30 C did not preserve monolithic conformation and yielded powder under the tested conditions.","powdHKUST-1, 73 nm, >30 C",HKUST-1,Cu paddlewheel,BTC,powder/non-conformed product,powder_only_under_reported_conditions,HKUST-1 dense gel with larger particles followed by drying above successful range,"HKUST-1 sol-gel synthesis; crystalline primary particles formed, mother liquor centrifuged to a dense gel and washed before controlled drying; exact reagent amounts in full methods/SI.",not_reported_in_source,not_reported_in_source,not_reported_in_source,20,not_reported_in_source,washed dense gel,centrifugation-driven densification,drying above mild range,>30 to 80,not_reported_in_source,True,False,high,Jinnan Wei (human verification); AI-assisted source-grounded pre-audit,human_verified,2026-07-29,eligible,condition_level_interface_mapping_ready,not_eligible_current_scoring_schema,Current scorer requires all eight declared fields; source does not report a semantically compatible complete set. No external-property lookup or synthetic imputation is permitted in the current evidence release.,condition_specific_negative_only,none,,not_reported_in_source,not_reported_in_source,not_reported_in_source,not_reported_in_source,not_reported_in_source,not_reported_in_source
P2V26-0033,1.1,SRC05,DOI,10.1038/nmat5050,A sol-gel monolithic metal-organic framework with enhanced methane uptake,https://www.repository.cam.ac.uk/items/e84c3326-9974-45fc-8c3a-d608b6da9c64,peer_reviewed_published_accepted_manuscript_open_repository,"Accepted manuscript: Sol-gel synthesis of MOFs, pp. 4-7; Fig. 1; particle-size/drying-temperature study, pp. 7-8; Supplementary Table 2 referenced.",HKUST-1 samples with about 145 nm primary particles did not conform a monolithic structure at any tested drying temperature from 20 to 80 C.,"HKUST-1, 145 nm, 20-80 C",HKUST-1,Cu paddlewheel,BTC,non-conformed/powder product across tested drying range,explicit_non_monolithic_or_failed_outcome,HKUST-1 sol-gel-derived wet solid with large primary particles across drying-temperature screen,"HKUST-1 sol-gel synthesis; crystalline primary particles formed, mother liquor centrifuged to a dense gel and washed before controlled drying; exact reagent amounts in full methods/SI.",not_reported_in_source,not_reported_in_source,not_reported_in_source,20,not_reported_in_source,washed dense gel,centrifugation-driven densification,drying-temperature screen,20 to 80,not_reported_in_source,True,False,high,Jinnan Wei (human verification); AI-assisted source-grounded pre-audit,human_verified,2026-07-29,eligible,condition_level_interface_mapping_ready,not_eligible_current_scoring_schema,Current scorer requires all eight declared fields; source does not report a semantically compatible complete set. No external-property lookup or synthetic imputation is permitted in the current evidence release.,condition_specific_negative_only,none,"Failure is specific to the reported particle-size/drying-temperature matrix, not a general HKUST-1 label.",not_reported_in_source,not_reported_in_source,not_reported_in_source,not_reported_in_source,not_reported_in_source,not_reported_in_source
P2V26-0034,1.1,SRC05,DOI,10.1038/nmat5050,A sol-gel monolithic metal-organic framework with enhanced methane uptake,https://www.repository.cam.ac.uk/items/e84c3326-9974-45fc-8c3a-d608b6da9c64,peer_reviewed_published_accepted_manuscript_open_repository,"Accepted manuscript: Density and porosity of monolithic HKUST-1, p. 8; Supplementary Figs. 14-15 referenced.",The monoHKUST-1 sample retained macroscopic monolithic morphology after standard activation at 120 C under vacuum.,activated monoHKUST-1,HKUST-1,Cu paddlewheel,BTC,activated monolith retaining mould shape,confirmed_monolith,post-synthesis activation of preformed monoHKUST-1,"HKUST-1 sol-gel synthesis; crystalline primary particles formed, mother liquor centrifuged to a dense gel and washed before controlled drying; exact reagent amounts in full methods/SI.",not_reported_in_source,not_reported_in_source,not_reported_in_source,20,not_reported_in_source,washed dense gel,centrifugation-driven densification,heat and vacuum activation,120,not_reported_in_source,True,True,high,Jinnan Wei (human verification); AI-assisted source-grounded pre-audit,human_verified,2026-07-29,eligible,condition_level_interface_mapping_ready,not_eligible_current_scoring_schema,Current scorer requires all eight declared fields; source does not report a semantically compatible complete set. No external-property lookup or synthetic imputation is permitted in the current evidence release.,not_applicable_positive,none,Post-formation robustness record; not an independent synthesis recipe.,not_reported_in_source,not_reported_in_source,not_reported_in_source,not_reported_in_source,not_reported_in_source,not_reported_in_source
P2V27-0035,1.1,SRC06,DOI,10.1039/C4TA05116E,Mechanically and chemically robust ZIF-8 monoliths with high volumetric adsorption capacity,https://pubs.rsc.org/en/content/articlelanding/2015/ta/c4ta05116e,peer_reviewed_published_open_access,"Author-version PDF p.2 Experimental, lines 106-118; Results p.2, lines 181-186; Conclusion p.6, lines 450-456; Fig. 1a.",The ethanol-derived ZIF-8 solid dried rapidly at 100 C overnight under vacuum disaggregated into powder rather than retaining a monolithic body.,ZIF-8HT,ZIF,Zn2+,2-methylimidazolate,white pellet that readily disaggregated into powder,powder_only_under_reported_conditions,ethanol ZIF-8 synthesis followed by high-temperature vacuum drying,2-methylimidazole 0.395 M (20 mL) + Zn(NO3)2.6H2O 0.049 M (20 mL); stirred 2 h at room temperature,ethanol,none reported,none reported,ambient,2,"ethanol wash, 20 mL x3, 3 min ultrasonication per wash",centrifugation; exact speed not stated for ZIF-8 series,vacuum oven drying,100,overnight,not_reported_in_source,False,high,Jinnan Wei (human verification); AI-assisted source-grounded pre-audit,human_verified,2026-07-29,eligible,condition_level_interface_mapping_ready,not_eligible_current_scoring_schema,Current scorer requires semantic-compatible complete numeric descriptors; the current evidence release does not derive or silently impute missing values.,condition_specific_powder_only_not_negative_class,none,Do not generalize to ZIF-8; the same precursor batch retained monolithic form under slower drying.,not_reported_in_source,0.049,not_reported_in_source,not_reported_in_source,not_reported_in_source,not_reported_in_source
P2V27-0036,1.1,SRC06,DOI,10.1039/C4TA05116E,Mechanically and chemically robust ZIF-8 monoliths with high volumetric adsorption capacity,https://pubs.rsc.org/en/content/articlelanding/2015/ta/c4ta05116e,peer_reviewed_published_open_access,"Author-version PDF p.2 Experimental, lines 106-118; Results p.2, lines 181-186; Conclusion p.6, lines 450-456; Fig. 1b.",Room-temperature overnight drying produced a transparent ZIF-8 monolith.,ZIF-8LT,ZIF,Zn2+,2-methylimidazolate,transparent monolithic structure,confirmed_monolith,ethanol ZIF-8 synthesis followed by slow room-temperature drying,2-methylimidazole 0.395 M (20 mL) + Zn(NO3)2.6H2O 0.049 M (20 mL); stirred 2 h at room temperature,ethanol,none reported,none reported,ambient,2,"ethanol wash, 20 mL x3, 3 min ultrasonication per wash",centrifugation; exact speed not stated for ZIF-8 series,ambient slow drying,ambient,overnight,not_reported_in_source,True,high,Jinnan Wei (human verification); AI-assisted source-grounded pre-audit,human_verified,2026-07-29,eligible,condition_level_interface_mapping_ready,not_eligible_current_scoring_schema,Current scorer requires semantic-compatible complete numeric descriptors; the current evidence release does not derive or silently impute missing values.,not_applicable_positive,none,Direct condition contrast with ZIF-8HT isolates drying severity as a morphology determinant.,not_reported_in_source,0.049,not_reported_in_source,not_reported_in_source,not_reported_in_source,not_reported_in_source
P2V27-0037,1.1,SRC06,DOI,10.1039/C4TA05116E,Mechanically and chemically robust ZIF-8 monoliths with high volumetric adsorption capacity,https://pubs.rsc.org/en/content/articlelanding/2015/ta/c4ta05116e,peer_reviewed_published_open_access,"Author-version PDF p.2 Experimental, lines 115-118; Results p.2, lines 181-186; Fig. 1 and Fig. 2.",A preformed ZIF-8LT monolith retained its monolithic morphology after subsequent 100 C vacuum activation overnight.,ZIF-8LT-HT,ZIF,Zn2+,2-methylimidazolate,transparent monolith retained after high-temperature activation,confirmed_monolith,slow ambient monolith formation followed by vacuum activation,Same precursor route as ZIF-8LT; subsequent evacuation at 100 C overnight,ethanol,none reported,none reported,ambient,2,"ethanol wash, 20 mL x3, 3 min ultrasonication per wash",centrifugation before ambient drying,ambient drying then vacuum activation,100,overnight after initial overnight ambient drying,not_reported_in_source,True,high,Jinnan Wei (human verification); AI-assisted source-grounded pre-audit,human_verified,2026-07-29,eligible,condition_level_interface_mapping_ready,not_eligible_current_scoring_schema,Current scorer requires semantic-compatible complete numeric descriptors; the current evidence release does not derive or silently impute missing values.,not_applicable_positive,none,"This record separates monolith formation from later activation: the high-temperature step follows, rather than precedes, body formation.",not_reported_in_source,0.049,not_reported_in_source,not_reported_in_source,not_reported_in_source,not_reported_in_source
P2V27-0038,1.1,SRC06,DOI,10.1039/C4TA05116E,Mechanically and chemically robust ZIF-8 monoliths with high volumetric adsorption capacity,https://pubs.rsc.org/en/content/articlelanding/2015/ta/c4ta05116e,peer_reviewed_published_open_access,"Author-version PDF p.2 Experimental, lines 118-128; Results p.3, lines 223-232; Conclusion p.6, lines 450-456.","An extended-reaction route with a second precursor addition, ultrasonication, washing and slow ambient drying produced shaped monoliths from about 1 mm3 to 1 cm3.",ZIF-8ER,ZIF,Zn2+,2-methylimidazolate,"white monolith, approximately 1 mm3 to 1 cm3, mould-shaped",confirmed_monolith,extended-reaction ethanol route with second precursor addition and slow drying,Initial ZIF-8 solid re-dispersed in 40 mL ethanol; 2-methylimidazole 0.395 M and Zn(NO3)2.6H2O 0.049 M added again; ultrasonicated 10 min,ethanol,second precursor addition,none reported,ambient,2,"ethanol wash, 20 mL x3, 3 min ultrasonication per wash",centrifugation after 10 min ultrasonication,ambient slow drying in mould,ambient,overnight,not_reported_in_source,True,high,Jinnan Wei (human verification); AI-assisted source-grounded pre-audit,human_verified,2026-07-29,eligible,condition_level_interface_mapping_ready,not_eligible_current_scoring_schema,Current scorer requires semantic-compatible complete numeric descriptors; the current evidence release does not derive or silently impute missing values.,not_applicable_positive,none,The source attributes superior mechanical properties to retained precursors plus slow drying.,not_reported_in_source,0.049,not_reported_in_source,not_reported_in_source,not_reported_in_source,not_reported_in_source
P2V27-0039,1.1,SRC06,DOI,10.1039/C4TA05116E,Mechanically and chemically robust ZIF-8 monoliths with high volumetric adsorption capacity,https://pubs.rsc.org/en/content/articlelanding/2015/ta/c4ta05116e,peer_reviewed_published_open_access,"Author-version PDF p.2 Experimental, lines 129-134; Results p.5, lines 394-396 and 420-427; Conclusion p.6, lines 462-464; Fig. 7.",Replacing 2-methylimidazole with imidazole and adding NaOH yielded a ZIF-zni product with the same monolithic morphology class as the ZIF-8 monoliths.,ZIF-zni monolith,ZIF,Zn2+,imidazolate,ZIF-zni monolithic structure,confirmed_monolith,ethanol ZIF-zni route with base-assisted linker deprotonation and ambient drying,Imidazole 0.395 M (20 mL) + 1 mL NaOH 1 M mixed with Zn(NO3)2.6H2O 0.049 M (20 mL); stirred 2 h at room temperature,ethanol,"NaOH 1 M, 1 mL",NaOH aqueous solution added,ambient,2,"ethanol wash, 20 mL x3, 3 min ultrasonication per wash","5500 rpm, 10 min",ambient slow drying,ambient,overnight,not_reported_in_source,True,high,Jinnan Wei (human verification); AI-assisted source-grounded pre-audit,human_verified,2026-07-29,eligible,condition_level_interface_mapping_ready,not_eligible_current_scoring_schema,Current scorer requires semantic-compatible complete numeric descriptors; the current evidence release does not derive or silently impute missing values.,not_applicable_positive,none,Shows framework-family extension within Zn-imidazolate chemistry.,not_reported_in_source,0.049,not_reported_in_source,not_reported_in_source,not_reported_in_source,not_reported_in_source
P2V27-0040,1.1,SRC07,DOI,10.1002/adfm.202008357,"Sol-Gel Synthesis of High-Density Zeolitic Imidazolate Framework Monoliths via Ligand Assisted Methods: Exceptional Porosity, Hydrophobicity, and Applications in Vapor Adsorption",https://discovery.ucl.ac.uk/id/eprint/10117467,peer_reviewed_published_open_access_with_published_correction,"Published PDF p.8 Experimental Section, lines 534-543; powder synthesis control.","The unmodulated methanolic route was isolated, washed and vacuum-dried as the powder counterpart rather than a monolith.",ZIF-8 powder control,ZIF,Zn2+,2-methylimidazolate,powder adsorbent,powder_only_under_reported_conditions,unmodulated methanol powder synthesis,Zn(NO3)2.6H2O 0.745 g (~2.5 mmol) in 50 mL methanol; 2-methylimidazole 1.642 g (~20 mmol) in 50 mL methanol; combined and stirred 24 h,methanol,none,none reported,ambient,24,centrifuged and washed with methanol three times,centrifugation after 24 h,vacuum drying at room temperature,ambient,overnight,False,False,high,Jinnan Wei (human verification); AI-assisted source-grounded pre-audit,human_verified,2026-07-29,eligible,condition_level_interface_mapping_ready,not_eligible_current_scoring_schema,Current scorer requires semantic-compatible complete numeric descriptors; the current evidence release does not derive or silently impute missing values.,condition_specific_powder_only_not_negative_class,none,Intentional powder control; must not be treated as a framework-level negative.,not_reported_in_source,not_reported_in_source,not_reported_in_source,not_reported_in_source,not_reported_in_source,not_reported_in_source
P2V27-0041,1.1,SRC07,DOI,10.1002/adfm.202008357,"Sol-Gel Synthesis of High-Density Zeolitic Imidazolate Framework Monoliths via Ligand Assisted Methods: Exceptional Porosity, Hydrophobicity, and Applications in Vapor Adsorption",https://discovery.ucl.ac.uk/id/eprint/10117467,peer_reviewed_published_open_access_with_published_correction,"Published PDF p.8 Experimental Section, lines 534-543; powder synthesis control.","The unmodulated methanolic route was isolated, washed and vacuum-dried as the powder counterpart rather than a monolith.",ZIF-67 powder control,ZIF,Co2+,2-methylimidazolate,powder adsorbent,powder_only_under_reported_conditions,unmodulated methanol powder synthesis,Co(NO3)2.6H2O 0.720 g (~2.5 mmol) in 50 mL methanol; 2-methylimidazole 1.642 g (~20 mmol) in 50 mL methanol; combined and stirred 24 h,methanol,none,none reported,ambient,24,centrifuged and washed with methanol three times,centrifugation after 24 h,vacuum drying at room temperature,ambient,overnight,False,False,high,Jinnan Wei (human verification); AI-assisted source-grounded pre-audit,human_verified,2026-07-29,eligible,condition_level_interface_mapping_ready,not_eligible_current_scoring_schema,Current scorer requires semantic-compatible complete numeric descriptors; the current evidence release does not derive or silently impute missing values.,condition_specific_powder_only_not_negative_class,none,Intentional powder control; must not be treated as a framework-level negative.,not_reported_in_source,not_reported_in_source,not_reported_in_source,not_reported_in_source,not_reported_in_source,not_reported_in_source
P2V27-0042,1.1,SRC07,DOI,10.1002/adfm.202008357,"Sol-Gel Synthesis of High-Density Zeolitic Imidazolate Framework Monoliths via Ligand Assisted Methods: Exceptional Porosity, Hydrophobicity, and Applications in Vapor Adsorption",https://discovery.ucl.ac.uk/id/eprint/10117467,peer_reviewed_published_open_access_with_published_correction,"Published PDF p.8 Experimental Section, lines 544-559; Results pp.1-3, crystallinity/density/porosity discussion and Fig. 1-3.",The single-modulator route yielded a millimetre-scale monolithic ZIF-8 sample after 72 h ambient air drying.,ZIF-8 (NB) monolith,ZIF,Zn2+,2-methylimidazolate,millimetre-scale monolithic adsorbent,confirmed_monolith,single-modulator ligand-assisted methanol sol-gel route,Zn(NO3)2.6H2O 0.745 g (~2.5 mmol); 2-methylimidazole 1.642 g (~20 mmol); each in 50 mL methanol; combined and reacted 24 h,methanol,n-butylamine 1.98 mL (~20 mmol),none reported,ambient,24,centrifuged and washed with methanol three times,centrifugation after 24 h and after washing,ambient air drying,ambient,72,True,True,high,Jinnan Wei (human verification); AI-assisted source-grounded pre-audit,human_verified,2026-07-29,eligible,condition_level_interface_mapping_ready,not_eligible_current_scoring_schema,Current scorer requires semantic-compatible complete numeric descriptors; the current evidence release does not derive or silently impute missing values.,not_applicable_positive,none,"Published correction affects powder bulk-density values, not the monolith-formation outcome or synthesis route.",not_reported_in_source,not_reported_in_source,not_reported_in_source,not_reported_in_source,not_reported_in_source,not_reported_in_source
P2V27-0043,1.1,SRC07,DOI,10.1002/adfm.202008357,"Sol-Gel Synthesis of High-Density Zeolitic Imidazolate Framework Monoliths via Ligand Assisted Methods: Exceptional Porosity, Hydrophobicity, and Applications in Vapor Adsorption",https://discovery.ucl.ac.uk/id/eprint/10117467,peer_reviewed_published_open_access_with_published_correction,"Published PDF p.8 Experimental Section, lines 544-559; Results pp.1-3, crystallinity/density/porosity discussion and Fig. 1-3.",The single-modulator route yielded a millimetre-scale monolithic ZIF-67 sample after 72 h ambient air drying.,ZIF-67 (NB) monolith,ZIF,Co2+,2-methylimidazolate,millimetre-scale monolithic adsorbent,confirmed_monolith,single-modulator ligand-assisted methanol sol-gel route,Co(NO3)2.6H2O 0.720 g (~2.5 mmol); 2-methylimidazole 1.642 g (~20 mmol); each in 50 mL methanol; combined and reacted 24 h,methanol,n-butylamine 1.98 mL (~20 mmol),none reported,ambient,24,centrifuged and washed with methanol three times,centrifugation after 24 h and after washing,ambient air drying,ambient,72,True,True,high,Jinnan Wei (human verification); AI-assisted source-grounded pre-audit,human_verified,2026-07-29,eligible,condition_level_interface_mapping_ready,not_eligible_current_scoring_schema,Current scorer requires semantic-compatible complete numeric descriptors; the current evidence release does not derive or silently impute missing values.,not_applicable_positive,none,"Published correction affects powder bulk-density values, not the monolith-formation outcome or synthesis route.",not_reported_in_source,not_reported_in_source,not_reported_in_source,not_reported_in_source,not_reported_in_source,not_reported_in_source
P2V27-0044,1.1,SRC07,DOI,10.1002/adfm.202008357,"Sol-Gel Synthesis of High-Density Zeolitic Imidazolate Framework Monoliths via Ligand Assisted Methods: Exceptional Porosity, Hydrophobicity, and Applications in Vapor Adsorption",https://discovery.ucl.ac.uk/id/eprint/10117467,peer_reviewed_published_open_access_with_published_correction,"Published PDF p.8 Experimental Section, lines 544-559; Results pp.1-3, crystallinity/density/porosity discussion and Fig. 1-3.",The mixed-modulator route yielded a millimetre-scale monolithic ZIF-8 sample after 72 h ambient air drying.,ZIF-8 (ML) monolith,ZIF,Zn2+,2-methylimidazolate,millimetre-scale monolithic adsorbent,confirmed_monolith,mixed-modulator ligand-assisted methanol sol-gel route,Zn(NO3)2.6H2O 0.745 g (~2.5 mmol); 2-methylimidazole 1.642 g (~20 mmol); each in 50 mL methanol; combined and reacted 24 h,methanol,1-methylimidazole 0.797 mL (~10 mmol) + n-butylamine 0.985 mL (~10 mmol),none reported,ambient,24,centrifuged and washed with methanol three times,centrifugation after 24 h and after washing,ambient air drying,ambient,72,True,True,high,Jinnan Wei (human verification); AI-assisted source-grounded pre-audit,human_verified,2026-07-29,eligible,condition_level_interface_mapping_ready,not_eligible_current_scoring_schema,Current scorer requires semantic-compatible complete numeric descriptors; the current evidence release does not derive or silently impute missing values.,not_applicable_positive,none,"Published correction affects powder bulk-density values, not the monolith-formation outcome or synthesis route.",not_reported_in_source,not_reported_in_source,not_reported_in_source,not_reported_in_source,not_reported_in_source,not_reported_in_source
P2V27-0045,1.1,SRC07,DOI,10.1002/adfm.202008357,"Sol-Gel Synthesis of High-Density Zeolitic Imidazolate Framework Monoliths via Ligand Assisted Methods: Exceptional Porosity, Hydrophobicity, and Applications in Vapor Adsorption",https://discovery.ucl.ac.uk/id/eprint/10117467,peer_reviewed_published_open_access_with_published_correction,"Published PDF p.8 Experimental Section, lines 544-559; Results pp.1-3, crystallinity/density/porosity discussion and Fig. 1-3.",The mixed-modulator route yielded a millimetre-scale monolithic ZIF-67 sample after 72 h ambient air drying.,ZIF-67 (ML) monolith,ZIF,Co2+,2-methylimidazolate,millimetre-scale monolithic adsorbent,confirmed_monolith,mixed-modulator ligand-assisted methanol sol-gel route,Co(NO3)2.6H2O 0.720 g (~2.5 mmol); 2-methylimidazole 1.642 g (~20 mmol); each in 50 mL methanol; combined and reacted 24 h,methanol,1-methylimidazole 0.797 mL (~10 mmol) + n-butylamine 0.985 mL (~10 mmol),none reported,ambient,24,centrifuged and washed with methanol three times,centrifugation after 24 h and after washing,ambient air drying,ambient,72,True,True,high,Jinnan Wei (human verification); AI-assisted source-grounded pre-audit,human_verified,2026-07-29,eligible,condition_level_interface_mapping_ready,not_eligible_current_scoring_schema,Current scorer requires semantic-compatible complete numeric descriptors; the current evidence release does not derive or silently impute missing values.,not_applicable_positive,none,"Published correction affects powder bulk-density values, not the monolith-formation outcome or synthesis route.",not_reported_in_source,not_reported_in_source,not_reported_in_source,not_reported_in_source,not_reported_in_source,not_reported_in_source
P2V27-0046,1.1,SRC08,DOI,10.1021/jacs.2c04608,Densified HKUST-1 Monoliths as a Route to High Volumetric and Gravimetric Hydrogen Storage Capacity,https://pubs.acs.org/doi/10.1021/jacs.2c04608,peer_reviewed_published_open_access,"Publisher full text: Synthesis and Characterization section, monolith preparation paragraph; Fig. 3a; SI Fig. S1 and additional experimental procedures.",A crystalline HKUST-1 gel was washed three times and dried overnight at room temperature to form a high-density monoHKUST-1 body.,monoHKUST-1,HKUST,Cu2+,BTC,high-density HKUST-1 monolith,confirmed_monolith,previously reported HKUST-1 sol-gel route followed by washing and mild drying,Detailed precursor recipe is provided in the article SI; main text confirms crystalline primary particles and gel formation,not_reported_in_main_text; see SI,not_reported_in_main_text; see SI,not_reported_in_main_text; see SI,not_reported_in_main_text,not_reported_in_main_text,three washing steps to remove unreacted precursors,mother solution centrifuged to isolate MOF gel,ambient drying,ambient,overnight,True,True,high,Jinnan Wei (human verification); AI-assisted source-grounded pre-audit,human_verified,2026-07-29,eligible,condition_level_interface_mapping_ready,not_eligible_current_scoring_schema,Current scorer requires semantic-compatible complete numeric descriptors; the current evidence release does not derive or silently impute missing values.,not_applicable_positive,none,Record captures explicit main-text gel-to-monolith conversion; detailed recipe fields remain null pending SI field-level extraction.,not_reported_in_source,not_reported_in_source,not_reported_in_source,not_reported_in_source,not_reported_in_source,not_reported_in_source
P2V27-0047,1.1,SRC09,DOI,10.1002/smll.202500510,Understanding Metal-Organic Framework Densification: Solvent Effects and the Growth of Colloidal Primary Nanoparticles in Monolithic ZIF-8,https://doi.org/10.1002/smll.202500510,peer_reviewed_published_open_access,"Full article Experimental Section - Syntheses of ZIF-8, entry 1; Table 4 entry 1; article abstract and results on monoZIF-8.","An ethanolic ZIF-8 sol was centrifuged, washed three times in ethanol and slowly dried at ambient temperature to produce monoZIF-8.",monoZIF-8 (ethanol route),ZIF,Zn2+,2-methylimidazolate,monolithic ZIF-8,confirmed_monolith,modified ethanolic ZIF-8 sol-gel route with slow ambient drying,Zn(NO3)2.6H2O 0.293 g (0.985 mmol) in ethanol 20 mL + 2-methylimidazole 0.649 g (7.90 mmol) in ethanol 20 mL; combined and stirred 15 min,ethanol,none reported,none reported,ambient,0.25,"ethanol 20 mL x3 under ultrasonication, 5 min each","5500 rpm, 10 min",slow ambient drying,ambient,until dry,True,True,high,Jinnan Wei (human verification); AI-assisted source-grounded pre-audit,human_verified,2026-07-29,eligible,condition_level_interface_mapping_ready,not_eligible_current_scoring_schema,Current scorer requires semantic-compatible complete numeric descriptors; the current evidence release does not derive or silently impute missing values.,not_applicable_positive,none,The paper reports mesoporous monoZIF-8 and uses this entry as the ethanol reference condition.,not_reported_in_source,not_reported_in_source,not_reported_in_source,not_reported_in_source,not_reported_in_source,not_reported_in_source
P2V27-0048,1.1,SRC09,DOI,10.1002/smll.202500510,Understanding Metal-Organic Framework Densification: Solvent Effects and the Growth of Colloidal Primary Nanoparticles in Monolithic ZIF-8,https://doi.org/10.1002/smll.202500510,peer_reviewed_published_open_access,"Full article Experimental Section - Syntheses of ZIF-8, entry 2; Table 4 entry 2.",Replacing ethanol with water throughout the entry-1 protocol yielded the explicitly designated pZIF-8-a powder-form condition.,pZIF-8-a (water replacement route),ZIF,Zn2+,2-methylimidazolate,powder ZIF-8 product,powder_only_under_reported_conditions,water-substituted analogue of the monoZIF-8 route,"Same reagent amounts as monoZIF-8 entry 1, with water replacing ethanol throughout",water,none reported,water used throughout,ambient,0.25,water washes; entry defined as water replacement of the full protocol,"5500 rpm, 10 min",ambient drying,ambient,until dry,not_reported_in_source,False,high,Jinnan Wei (human verification); AI-assisted source-grounded pre-audit,human_verified,2026-07-29,eligible,condition_level_interface_mapping_ready,not_eligible_current_scoring_schema,Current scorer requires semantic-compatible complete numeric descriptors; the current evidence release does not derive or silently impute missing values.,condition_specific_powder_only_not_negative_class,none,"The p-prefix and explicit entry designation are treated as source-reported powder form, not as a framework-level negative.",not_reported_in_source,not_reported_in_source,not_reported_in_source,not_reported_in_source,not_reported_in_source,not_reported_in_source
P2V27-0049,1.1,SRC09,DOI,10.1002/smll.202500510,Understanding Metal-Organic Framework Densification: Solvent Effects and the Growth of Colloidal Primary Nanoparticles in Monolithic ZIF-8,https://doi.org/10.1002/smll.202500510,peer_reviewed_published_open_access,"Full article Experimental Section - Syntheses of ZIF-8, entry 3; Table 4 entry 3.","A highly ligand-rich aqueous route produced the explicitly designated pZIF-8 powder condition after centrifugation, water washing and ambient drying.",pZIF-8 (aqueous high-linker route),ZIF,Zn2+,2-methylimidazolate,powder ZIF-8 product,powder_only_under_reported_conditions,aqueous high-linker ZIF-8 route followed by ambient drying,Zn(NO3)2.6H2O 0.185 g (0.62 mmol) in water 2 mL + 2-methylimidazole 2.05 g (25.0 mmol) in water 20 mL; stirred 30 min,water,none reported,aqueous synthesis,ambient,0.5,"deionized water 20 mL x3 under ultrasonication, 5 min each","5500 rpm, 12 min",ambient drying,ambient,until completely dry,True,False,high,Jinnan Wei (human verification); AI-assisted source-grounded pre-audit,human_verified,2026-07-29,eligible,condition_level_interface_mapping_ready,not_eligible_current_scoring_schema,Current scorer requires semantic-compatible complete numeric descriptors; the current evidence release does not derive or silently impute missing values.,condition_specific_powder_only_not_negative_class,none,"A gel intermediate was isolated, but the final sample designation and reported form are powder; retain the condition-level distinction.",not_reported_in_source,not_reported_in_source,not_reported_in_source,not_reported_in_source,not_reported_in_source,not_reported_in_source
